UniqueID,Sex,Age,Marital,Education,Employment,Income,NumRooms,FamilyImpact,PsychoImpact,EconomicImpact
434,Male,26,Single,Graduates,Unemployed,No Income,1,0,9.230769157,60
747,Male,29,Single,Graduates,Employed (govt or private),3201-7800,1,7.272727489,12.30769253,66
750,Male,21,Single,Grade 9-12,"Other (student, retired, housewife)",No Income,2,5.454545498,12.30769253,72
257,Female,28,Married,Grade 1-8,Unemployed,No Income,1,5.454545498,13.84615421,44
179,Female,29,Single,Graduates,Employed (govt or private),1651-3200,1,7.272727489,18.46153831,50
194,Male,39,Single,Grade 1-8,"Other (student, retired, housewife)",<600,1,7.272727489,13.84615421,60
485,Male,27,Single,No formal education,Employed (govt or private),1651-3200,1,7.272727489,12.30769253,56
725,Male,28,Single,Grade 9-12,Self-employed,601-1650,2,7.272727489,4.615384579,56
728,Female,45,"Other (divorced, widowed, separated)",Grade 1-8,Self-employed,<600,3,7.272727489,12.30769253,60
549,Male,35,Single,Grade 9-12,Self-employed,3201-7800,1,5.454545498,7.692307472,62
587,Female,28,Single,Graduates,Unemployed,No Income,1,7.272727489,10.76923084,62
655,Female,28,Single,Grade 9-12,Laid off due to COVID-19,No Income,1,7.272727489,36.92307663,54
656,Female,27,Single,No formal education,Unemployed,No Income,1,7.272727489,13.84615421,52
706,Male,21,Married,Grade 9-12,Employed (govt or private),601-1650,1,7.272727489,9.230769157,54
812,Male,30,Married,Grade 1-8,Employed (govt or private),601-1650,1,7.272727489,15.38461494,66
657,Male,30,Single,Graduates,Unemployed,No Income,1,5.454545498,12.30769253,58
659,Male,28,Single,Graduates,Unemployed,<600,1,7.272727489,15.38461494,60
674,Female,26,Single,Grade 9-12,Unemployed,No Income,1,7.272727489,4.615384579,54
675,Male,23,Single,Grade 9-12,Employed (govt or private),1651-3200,1,7.272727489,0,50
501,Female,60,"Other (divorced, widowed, separated)",Grade 1-8,"Other (student, retired, housewife)",601-1650,1,7.272727489,0,54
312,Male,55,Married,Grade 1-8,Unemployed,<600,1,5.454545498,6.153846264,54
389,Male,30,Single,Graduates,Unemployed,No Income,1,9.090909004,10.76923084,56
331,Female,35,Single,Grade 1-8,Laid off due to COVID-19,No Income,2,7.272727489,23.07692337,72
244,Female,45,Married,Grade 1-8,Unemployed,No Income,1,9.090909004,16.92307663,64
207,Female,64,"Other (divorced, widowed, separated)",Grade 9-12,Unemployed,No Income,2,9.090909004,29.23077011,46
8,Female,80,"Other (divorced, widowed, separated)",No formal education,"Other (student, retired, housewife)",601-1650,1,5.454545498,80,56
266,Female,38,"Other (divorced, widowed, separated)",Grade 1-8,"Other (student, retired, housewife)",601-1650,1,7.272727489,13.84615421,54
165,Male,27,Single,Graduates,Self-employed,3201-7800,2,7.272727489,0,54
138,Male,50,Single,Graduates,Employed (govt or private),1651-3200,1,9.090909004,10.76923084,40
140,Male,50,Married,Grade 1-8,Self-employed,601-1650,1,9.090909004,12.30769253,52
141,Male,38,Single,Graduates,Self-employed,601-1650,1,9.090909004,13.84615421,56
528,Male,29,Single,Grade 9-12,Unemployed,No Income,2,5.454545498,6.153846264,68
546,Female,20,Single,Graduates,"Other (student, retired, housewife)",No Income,1,9.090909004,0,52
548,Female,48,Single,Grade 1-8,Unemployed,>=7801,1,9.090909004,3.076923132,48
797,Female,63,"Other (divorced, widowed, separated)",No formal education,Unemployed,No Income,2,9.090909004,10.76923084,56
493,Female,25,Single,Grade 1-8,Unemployed,1651-3200,4,5.454545498,12.30769253,38
660,Male,25,Single,Graduates,Laid off due to COVID-19,No Income,1,7.272727489,12.30769253,52
168,Female,55,"Other (divorced, widowed, separated)",Grade 1-8,Laid off due to COVID-19,No Income,2,21.81818199,1.538461566,72
500,Male,29,Single,Graduates,"Other (student, retired, housewife)",3201-7800,2,10.909091,10.76923084,42
310,Female,62,"Other (divorced, widowed, separated)",Grade 1-8,Self-employed,601-1650,2,7.272727489,7.692307472,54
398,Male,46,Married,Grade 9-12,Self-employed,3201-7800,3,12.72727299,10.76923084,54
216,Male,45,Single,Graduates,Employed (govt or private),1651-3200,2,9.090909004,12.30769253,54
231,Male,32,Single,Graduates,Self-employed,3201-7800,2,16.36363602,12.30769253,54
72,Male,52,Married,Grade 1-8,Employed (govt or private),1651-3200,2,9.090909004,12.30769253,30
27,Male,26,Single,Graduates,Laid off due to COVID-19,No Income,1,10.909091,12.30769253,68
28,Female,32,Married,Grade 1-8,Laid off due to COVID-19,No Income,1,14.54545498,7.692307472,64
410,Female,58,Married,No formal education,"Other (student, retired, housewife)",601-1650,2,9.090909004,16.92307663,48
411,Female,43,Single,Grade 1-8,Laid off due to COVID-19,No Income,3,12.72727299,13.84615421,42
44,Female,26,Single,Grade 1-8,Laid off due to COVID-19,No Income,1,10.909091,13.84615421,58
91,Female,32,Married,Grade 9-12,Unemployed,No Income,2,10.909091,10.76923084,58
295,Female,20,Single,Grade 1-8,"Other (student, retired, housewife)",601-1650,1,10.909091,12.30769253,58
67,Female,60,"Other (divorced, widowed, separated)",Grade 1-8,"Other (student, retired, housewife)",1651-3200,1,7.272727489,10.76923084,52
69,Female,50,Single,Grade 1-8,Unemployed,601-1650,2,9.090909004,44.61538315,66
52,Female,32,Married,Grade 9-12,Unemployed,No Income,1,9.090909004,10.76923084,58
297,Female,39,Single,Grade 9-12,Unemployed,No Income,2,12.72727299,13.84615421,64
156,Female,55,Married,No formal education,Self-employed,601-1650,2,10.909091,15.38461494,70
124,Female,30,Married,Grade 1-8,Laid off due to COVID-19,No Income,1,12.72727299,0,72
480,Female,25,Married,Grade 9-12,"Other (student, retired, housewife)",<600,2,20,4.615384579,56
171,Female,35,"Other (divorced, widowed, separated)",Grade 1-8,Laid off due to COVID-19,No Income,2,16.36363602,4.615384579,34
129,Female,29,Married,Grade 9-12,Employed (govt or private),1651-3200,1,10.909091,10.76923084,38
130,Male,21,Single,Grade 1-8,"Other (student, retired, housewife)",No Income,2,7.272727489,4.615384579,34
131,Female,25,"Other (divorced, widowed, separated)",Grade 1-8,Employed (govt or private),3201-7800,1,7.272727489,4.615384579,42
177,Male,38,Single,Grade 9-12,Self-employed,3201-7800,1,10.909091,21.53846169,46
139,Male,28,Single,Grade 1-8,"Other (student, retired, housewife)",<600,1,10.909091,6.153846264,60
193,Male,36,Married,Graduates,Employed (govt or private),1651-3200,1,10.909091,15.38461494,56
796,Male,42,Single,Graduates,Unemployed,No Income,5,9.090909004,7.692307472,54
618,Male,33,Single,Grade 1-8,Laid off due to COVID-19,No Income,1,5.454545498,26.15384674,44
621,Female,20,Single,Graduates,"Other (student, retired, housewife)",3201-7800,3,10.909091,10.76923084,48
654,Female,50,Married,Grade 1-8,Self-employed,601-1650,3,12.72727299,10.76923084,52
661,Female,37,"Other (divorced, widowed, separated)",Grade 1-8,Self-employed,1651-3200,2,9.090909004,16.92307663,54
740,Female,46,Married,No formal education,Self-employed,601-1650,1,7.272727489,10.76923084,48
814,Female,62,"Other (divorced, widowed, separated)",No formal education,Unemployed,<600,1,10.909091,9.230769157,42
251,Female,45,Married,Grade 9-12,Employed (govt or private),601-1650,1,60,26.15384674,62
497,Female,40,Single,Grade 1-8,Self-employed,601-1650,1,9.090909004,4.615384579,26
369,Female,19,Single,Graduates,Unemployed,No Income,6,9.090909004,18.46153831,44
375,Female,23,"Other (divorced, widowed, separated)",Grade 1-8,Laid off due to COVID-19,No Income,1,7.272727489,18.46153831,32
388,Female,36,Married,No formal education,Unemployed,1651-3200,2,14.54545498,24.61538506,38
393,Female,45,Married,Grade 9-12,Employed (govt or private),1651-3200,1,12.72727299,9.230769157,54
321,Female,61,Married,Grade 1-8,Self-employed,3201-7800,3,7.272727489,15.38461494,42
322,Male,27,Married,Graduates,Employed (govt or private),3201-7800,2,7.272727489,23.07692337,42
333,Female,39,Married,Grade 9-12,Self-employed,>=7801,5,7.272727489,20,34
222,Female,23,Married,Grade 1-8,Self-employed,601-1650,1,7.272727489,30.76922989,40
201,Female,27,"Other (divorced, widowed, separated)",Graduates,Employed (govt or private),3201-7800,2,7.272727489,12.30769253,46
245,Male,28,Single,Graduates,Unemployed,<600,1,16.36363602,12.30769253,62
26,Female,27,Married,Grade 1-8,Laid off due to COVID-19,No Income,1,12.72727299,12.30769253,64
285,Female,30,"Other (divorced, widowed, separated)",Grade 1-8,Laid off due to COVID-19,No Income,1,18.18181801,12.30769253,70
208,Male,60,Married,Grade 1-8,Employed (govt or private),601-1650,2,18.18181801,9.230769157,58
36,Female,65,"Other (divorced, widowed, separated)",No formal education,Unemployed,<600,1,12.72727299,61.53845978,58
89,Female,30,Single,Grade 9-12,Unemployed,No Income,2,12.72727299,16.92307663,58
263,Female,65,Married,No formal education,"Other (student, retired, housewife)",No Income,1,7.272727489,36.92307663,42
46,Female,26,Single,Grade 1-8,Self-employed,1651-3200,2,14.54545498,7.692307472,48
51,Male,22,Single,Graduates,Self-employed,601-1650,1,16.36363602,16.92307663,62
78,Male,20,Single,Graduates,"Other (student, retired, housewife)",No Income,2,20,15.38461494,48
54,Male,32,Married,Graduates,Employed (govt or private),>=7801,2,12.72727299,3.076923132,36
55,Male,26,Single,Grade 9-12,Laid off due to COVID-19,No Income,1,9.090909004,21.53846169,62
442,Male,25,Married,Grade 1-8,Self-employed,1651-3200,1,10.909091,10.76923084,72
164,Female,25,Married,Grade 1-8,Self-employed,601-1650,1,9.090909004,12.30769253,72
108,Female,27,Married,No formal education,"Other (student, retired, housewife)",No Income,1,14.54545498,9.230769157,66
167,Female,32,Married,Grade 1-8,Self-employed,601-1650,1,20,16.92307663,14
169,Female,38,Single,Grade 9-12,Laid off due to COVID-19,No Income,1,20,21.53846169,66
443,Female,55,Married,No formal education,Self-employed,<600,1,12.72727299,4.615384579,66
429,Male,37,Married,No formal education,Self-employed,601-1650,1,21.81818199,6.153846264,70
444,Male,38,Married,Grade 1-8,Employed (govt or private),3201-7800,3,14.54545498,3.076923132,52
445,Male,48,Married,Graduates,Employed (govt or private),>=7801,5,21.81818199,6.153846264,50
446,Female,80,Married,No formal education,Unemployed,No Income,1,14.54545498,16.92307663,40
447,Female,67,Married,No formal education,Employed (govt or private),3201-7800,2,12.72727299,7.692307472,48
128,Female,30,Married,Grade 1-8,"Other (student, retired, housewife)",No Income,1,14.54545498,12.30769253,38
132,Male,52,Married,Graduates,Employed (govt or private),>=7801,4,12.72727299,6.153846264,28
137,Male,24,Single,Graduates,Laid off due to COVID-19,No Income,2,10.909091,35.38461685,48
486,Male,70,Married,Grade 1-8,Unemployed,No Income,9,18.18181801,18.46153831,48
780,Male,45,Married,Grade 1-8,Self-employed,1651-3200,3,9.090909004,7.692307472,38
534,Male,27,Married,Grade 1-8,Laid off due to COVID-19,No Income,1,9.090909004,15.38461494,70
545,Male,50,Single,Grade 9-12,Employed (govt or private),3201-7800,2,20,7.692307472,52
565,Female,23,Single,Graduates,Self-employed,601-1650,1,7.272727489,43.07692337,38
653,Male,26,Single,Graduates,Unemployed,No Income,1,9.090909004,7.692307472,52
488,Female,27,Married,Grade 9-12,Unemployed,No Income,1,18.18181801,7.692307472,38
498,Female,60,"Other (divorced, widowed, separated)",Grade 1-8,Laid off due to COVID-19,No Income,2,12.72727299,12.30769253,78
366,Male,46,Married,Grade 9-12,Employed (govt or private),3201-7800,4,16.36363602,10.76923084,38
376,Male,27,"Other (divorced, widowed, separated)",Graduates,Employed (govt or private),3201-7800,2,9.090909004,21.53846169,42
301,Male,40,Married,Grade 1-8,Self-employed,>=7801,1,23.63636398,18.46153831,72
392,Female,57,"Other (divorced, widowed, separated)",Graduates,"Other (student, retired, housewife)",601-1650,4,16.36363602,6.153846264,54
319,Female,22,Single,Grade 1-8,Self-employed,601-1650,1,9.090909004,21.53846169,22
212,Female,19,Single,Graduates,Unemployed,No Income,2,18.18181801,10.76923084,26
335,Female,50,Married,Grade 9-12,Self-employed,3201-7800,2,16.36363602,4.615384579,42
268,Male,28,Married,Grade 1-8,Self-employed,1651-3200,1,16.36363602,4.615384579,52
248,Female,48,"Other (divorced, widowed, separated)",Grade 9-12,Self-employed,<600,1,16.36363602,7.692307472,70
252,Male,34,Married,Grade 1-8,Self-employed,601-1650,2,9.090909004,32.30769348,42
255,Female,36,"Other (divorced, widowed, separated)",No formal education,Laid off due to COVID-19,No Income,1,14.54545498,18.46153831,66
294,Female,39,Single,Grade 1-8,Employed (govt or private),<600,1,16.36363602,16.92307663,42
86,Female,43,Married,Grade 9-12,Unemployed,No Income,9,25.45454597,7.692307472,48
5,Male,29,Single,Grade 1-8,Unemployed,No Income,1,10.909091,35.38461685,54
76,Female,80,"Other (divorced, widowed, separated)",No formal education,"Other (student, retired, housewife)",No Income,2,16.36363602,7.692307472,26
460,Female,21,Single,Graduates,Self-employed,1651-3200,4,12.72727299,4.615384579,38
464,Female,48,"Other (divorced, widowed, separated)",Grade 9-12,Unemployed,No Income,4,30.90909004,15.38461494,68
465,Male,45,Married,Grade 9-12,Self-employed,>=7801,4,29.09090996,9.230769157,68
421,Female,65,"Other (divorced, widowed, separated)",Grade 1-8,"Other (student, retired, housewife)",601-1650,1,25.45454597,53.84615326,68
438,Male,37,Single,Grade 9-12,Employed (govt or private),1651-3200,3,18.18181801,12.30769253,28
170,Male,30,Married,Grade 1-8,Self-employed,601-1650,1,20,13.84615421,70
425,Male,38,Single,Grade 1-8,Self-employed,601-1650,6,21.81818199,32.30769348,72
431,Male,42,Married,Grade 9-12,Employed (govt or private),3201-7800,1,18.18181801,4.615384579,52
432,Female,35,Married,Grade 9-12,Employed (govt or private),1651-3200,1,18.18181801,4.615384579,46
127,Male,48,Married,No formal education,Employed (govt or private),>=7801,3,10.909091,7.692307472,54
109,Female,42,Married,Grade 1-8,"Other (student, retired, housewife)",No Income,3,10.909091,12.30769253,64
482,Female,35,Single,Grade 9-12,Self-employed,601-1650,1,23.63636398,32.30769348,54
484,Female,23,Married,Grade 1-8,Self-employed,<600,1,23.63636398,16.92307663,52
175,Male,26,Single,Graduates,Self-employed,>=7801,1,29.09090996,15.38461494,8
487,Male,30,Married,Graduates,Employed (govt or private),1651-3200,1,23.63636398,4.615384579,56
775,Female,36,Married,No formal education,Self-employed,1651-3200,2,10.909091,15.38461494,26
529,Male,34,Married,Grade 1-8,Employed (govt or private),601-1650,1,16.36363602,10.76923084,64
537,Male,33,Married,Grade 1-8,Employed (govt or private),1651-3200,1,14.54545498,16.92307663,60
794,Male,27,Married,Grade 9-12,Unemployed,No Income,1,12.72727299,18.46153831,60
571,Female,32,Married,Grade 1-8,Self-employed,>=7801,2,12.72727299,4.615384579,40
560,Male,31,Married,Grade 1-8,Self-employed,601-1650,1,9.090909004,30.76922989,44
561,Male,21,Married,Grade 1-8,Laid off due to COVID-19,No Income,1,9.090909004,38.46154022,30
676,Female,38,"Other (divorced, widowed, separated)",Grade 1-8,Self-employed,3201-7800,1,12.72727299,13.84615421,40
650,Female,36,Married,Grade 1-8,Employed (govt or private),601-1650,1,14.54545498,18.46153831,52
651,Male,26,Single,Grade 9-12,Unemployed,No Income,1,14.54545498,12.30769253,52
698,Female,25,Single,Grade 9-12,Unemployed,No Income,1,16.36363602,13.84615421,64
670,Male,54,Married,Grade 1-8,Self-employed,3201-7800,2,14.54545498,21.53846169,64
451,Male,26,Single,Graduates,Employed (govt or private),1651-3200,1,25.45454597,33.84615326,60
59,Male,49,Married,Graduates,Employed (govt or private),>=7801,5,21.81818199,4.615384579,36
249,Female,39,"Other (divorced, widowed, separated)",Grade 9-12,Laid off due to COVID-19,No Income,2,25.45454597,13.84615421,72
793,Female,29,Married,Grade 1-8,Employed (govt or private),1651-3200,1,21.81818199,16.92307663,66
364,Male,29,Married,Graduates,Employed (govt or private),3201-7800,1,14.54545498,1.538461566,28
365,Male,35,Married,Grade 1-8,Self-employed,3201-7800,3,16.36363602,20,34
306,Female,38,Married,Grade 1-8,Laid off due to COVID-19,No Income,1,21.81818199,16.92307663,66
377,Male,20,Single,Grade 9-12,"Other (student, retired, housewife)",No Income,3,16.36363602,9.230769157,68
381,Female,25,Married,Graduates,Laid off due to COVID-19,No Income,1,20,12.30769253,60
677,Female,26,Single,Grade 1-8,Unemployed,No Income,2,16.36363602,15.38461494,60
578,Female,34,Single,Grade 9-12,Unemployed,3201-7800,1,29.09090996,10.76923084,44
311,Female,33,Married,No formal education,Laid off due to COVID-19,No Income,2,25.45454597,10.76923084,62
518,Male,19,Single,Grade 9-12,Unemployed,No Income,3,12.72727299,4.615384579,38
523,Male,27,Single,Graduates,Employed (govt or private),3201-7800,2,16.36363602,4.615384579,46
317,Male,29,Married,Grade 1-8,Self-employed,601-1650,1,12.72727299,20,34
323,Female,42,Married,Grade 1-8,Self-employed,601-1650,1,12.72727299,10.76923084,12
324,Male,26,Single,Grade 9-12,Employed (govt or private),1651-3200,1,20,16.92307663,60
325,Female,67,"Other (divorced, widowed, separated)",Grade 1-8,"Other (student, retired, housewife)",<600,2,20,15.38461494,60
748,Female,23,Single,Graduates,Unemployed,No Income,1,12.72727299,12.30769253,24
227,Female,42,Married,Grade 1-8,Unemployed,No Income,1,20,15.38461494,66
228,Female,34,Single,Grade 1-8,Laid off due to COVID-19,No Income,1,14.54545498,18.46153831,58
204,Female,20,"Other (divorced, widowed, separated)",Grade 9-12,"Other (student, retired, housewife)",No Income,1,20,30.76922989,52
205,Male,42,Married,Grade 9-12,Unemployed,No Income,2,20,16.92307663,56
355,Female,62,"Other (divorced, widowed, separated)",No formal education,Unemployed,No Income,2,27.27272797,7.692307472,56
281,Female,35,Married,Grade 1-8,Unemployed,No Income,1,27.27272797,6.153846264,48
250,Female,32,"Other (divorced, widowed, separated)",Grade 1-8,Laid off due to COVID-19,No Income,1,21.81818199,12.30769253,68
582,Female,34,Married,Grade 1-8,Employed (govt or private),601-1650,1,16.36363602,16.92307663,66
71,Male,62,"Other (divorced, widowed, separated)",No formal education,Unemployed,No Income,1,23.63636398,29.23077011,76
20,Female,46,Married,Grade 1-8,Laid off due to COVID-19,No Income,2,21.81818199,13.84615421,60
21,Female,38,Married,Grade 9-12,Self-employed,601-1650,2,21.81818199,12.30769253,66
22,Female,36,Married,Grade 1-8,Self-employed,601-1650,1,21.81818199,10.76923084,64
23,Female,41,Married,Graduates,"Other (student, retired, housewife)",No Income,2,20,9.230769157,60
25,Male,45,Married,No formal education,Employed (govt or private),601-1650,2,18.18181801,10.76923084,60
283,Female,37,Married,No formal education,Unemployed,No Income,1,20,7.692307472,60
253,Female,42,"Other (divorced, widowed, separated)",No formal education,Self-employed,601-1650,1,21.81818199,16.92307663,64
254,Female,43,Married,Grade 9-12,Laid off due to COVID-19,No Income,1,23.63636398,12.30769253,68
258,Female,27,Married,No formal education,Unemployed,No Income,1,38.18181992,3.076923132,52
90,Female,29,Single,Grade 1-8,Unemployed,No Income,1,16.36363602,20,54
99,Female,49,Married,No formal education,Self-employed,<600,1,10.909091,40,56
49,Female,65,Married,No formal education,Employed (govt or private),1651-3200,3,21.81818199,10.76923084,52
50,Female,33,Married,Grade 9-12,"Other (student, retired, housewife)",3201-7800,3,21.81818199,9.230769157,40
80,Male,25,Single,Grade 9-12,Unemployed,No Income,1,20,13.84615421,58
210,Female,40,Married,Graduates,Employed (govt or private),3201-7800,3,27.27272797,27.69230843,52
461,Female,45,Married,No formal education,Unemployed,No Income,4,34.54545593,13.84615421,72
420,Female,30,Married,Grade 1-8,Unemployed,3201-7800,2,21.81818199,7.692307472,54
441,Female,37,Married,Grade 1-8,Self-employed,601-1650,1,23.63636398,32.30769348,52
161,Female,63,"Other (divorced, widowed, separated)",Grade 1-8,"Other (student, retired, housewife)",601-1650,3,34.54545593,16.92307663,70
125,Male,28,Married,Grade 1-8,Laid off due to COVID-19,No Income,1,20,1.538461566,60
105,Female,60,"Other (divorced, widowed, separated)",No formal education,Laid off due to COVID-19,No Income,3,29.09090996,16.92307663,68
479,Male,48,Married,Grade 9-12,Self-employed,3201-7800,2,27.27272797,4.615384579,70
133,Male,62,"Other (divorced, widowed, separated)",No formal education,Self-employed,601-1650,1,18.18181801,13.84615421,40
135,Male,29,Single,Graduates,Employed (govt or private),3201-7800,3,18.18181801,0,38
777,Female,30,Married,Grade 1-8,Self-employed,<600,1,14.54545498,4.615384579,46
721,Female,25,Married,Grade 1-8,Self-employed,3201-7800,1,12.72727299,10.76923084,42
734,Male,37,Single,Grade 1-8,Employed (govt or private),1651-3200,1,14.54545498,13.84615421,60
530,Female,24,Single,Grade 1-8,Employed (govt or private),1651-3200,1,16.36363602,12.30769253,62
532,Male,50,Married,No formal education,Self-employed,3201-7800,3,30.90909004,16.92307663,52
538,Female,42,Married,Grade 1-8,Self-employed,601-1650,1,20,23.07692337,68
572,Female,18,Single,Grade 9-12,"Other (student, retired, housewife)",No Income,5,16.36363602,13.84615421,40
802,Female,29,Married,Graduates,Employed (govt or private),3201-7800,1,12.72727299,13.84615421,40
558,Female,21,Single,Grade 1-8,Self-employed,601-1650,1,12.72727299,30.76922989,40
564,Male,29,Married,Grade 1-8,Self-employed,<600,1,16.36363602,49.23077011,38
680,Female,35,Single,No formal education,Laid off due to COVID-19,No Income,1,41.81818008,35.38461685,52
594,Female,40,Married,Grade 1-8,Unemployed,1651-3200,3,25.45454597,30.76922989,46
595,Female,35,Married,No formal education,Employed (govt or private),1651-3200,3,38.18181992,26.15384674,42
625,Female,52,Married,No formal education,"Other (student, retired, housewife)",No Income,1,14.54545498,7.692307472,30
629,Male,29,Single,Graduates,Employed (govt or private),>=7801,1,12.72727299,6.153846264,44
637,Female,48,Married,Grade 1-8,Self-employed,1651-3200,3,10.909091,33.84615326,34
645,Male,26,Single,Grade 9-12,Unemployed,No Income,2,18.18181801,15.38461494,64
649,Female,32,Married,Grade 1-8,Employed (govt or private),601-1650,1,16.36363602,18.46153831,50
701,Female,36,Married,Grade 1-8,"Other (student, retired, housewife)",No Income,1,16.36363602,15.38461494,64
704,Female,29,Single,Grade 1-8,Employed (govt or private),601-1650,2,16.36363602,18.46153831,64
707,Female,19,"Other (divorced, widowed, separated)",Grade 1-8,Unemployed,No Income,1,21.81818199,6.153846264,54
811,Female,32,Married,Grade 1-8,Self-employed,<600,2,29.09090996,24.61538506,60
711,Male,30,Married,No formal education,Self-employed,1651-3200,2,12.72727299,4.615384579,40
643,Female,46,Married,Grade 1-8,Self-employed,1651-3200,2,23.63636398,16.92307663,58
576,Female,42,Married,Grade 1-8,Unemployed,No Income,2,40,52.30769348,80
302,Male,32,Married,Grade 1-8,Self-employed,601-1650,2,16.36363602,30.76922989,52
303,Male,28,Single,Grade 1-8,Laid off due to COVID-19,No Income,1,21.81818199,63.07692337,68
308,Female,28,Married,Grade 1-8,Employed (govt or private),1651-3200,1,23.63636398,7.692307472,62
379,Male,42,Married,Grade 1-8,Employed (govt or private),1651-3200,1,25.45454597,18.46153831,68
380,Male,42,Married,Grade 1-8,Employed (govt or private),1651-3200,1,25.45454597,18.46153831,68
746,Female,23,Single,Grade 9-12,Unemployed,No Income,1,21.81818199,12.30769253,62
678,Female,25,Married,Grade 1-8,Employed (govt or private),<600,1,29.09090996,0,56
606,Female,30,Married,Grade 9-12,Unemployed,3201-7800,2,36.36363602,30.76922989,52
577,Female,18,Single,Grade 1-8,Employed (govt or private),1651-3200,2,23.63636398,4.615384579,44
309,Female,38,Married,Grade 9-12,Self-employed,1651-3200,2,41.81818008,44.61538315,66
515,Female,35,Married,Grade 1-8,Self-employed,3201-7800,1,20,4.615384579,40
315,Male,32,Married,Graduates,Employed (govt or private),>=7801,1,27.27272797,13.84615421,56
395,Female,21,Married,Graduates,Unemployed,No Income,1,25.45454597,33.84615326,58
396,Male,53,Married,Grade 1-8,Employed (govt or private),3201-7800,1,27.27272797,1.538461566,52
579,Male,42,Married,Grade 1-8,Self-employed,1651-3200,2,23.63636398,12.30769253,56
318,Male,43,Married,Grade 1-8,Self-employed,1651-3200,1,14.54545498,21.53846169,32
326,Male,34,Married,Grade 9-12,Employed (govt or private),1651-3200,1,25.45454597,10.76923084,56
200,Male,28,Single,Graduates,Employed (govt or private),1651-3200,1,18.18181801,12.30769253,58
238,Male,22,Single,Grade 9-12,Unemployed,No Income,2,23.63636398,9.230769157,60
240,Male,33,Single,Graduates,Employed (govt or private),>=7801,3,25.45454597,26.15384674,52
203,Female,54,"Other (divorced, widowed, separated)",No formal education,Unemployed,No Income,1,29.09090996,36.92307663,64
356,Female,48,"Other (divorced, widowed, separated)",No formal education,Unemployed,>=7801,2,30.90909004,4.615384579,58
247,Male,64,Married,Grade 1-8,Self-employed,1651-3200,1,29.09090996,4.615384579,70
583,Female,29,Married,Grade 1-8,Laid off due to COVID-19,No Income,1,23.63636398,20,68
584,Female,35,Married,Grade 1-8,Employed (govt or private),1651-3200,1,23.63636398,16.92307663,62
751,Female,45,Married,Grade 1-8,"Other (student, retired, housewife)",No Income,3,20,18.46153831,62
74,Male,32,Single,No formal education,Employed (govt or private),601-1650,1,25.45454597,7.692307472,68
413,Female,67,"Other (divorced, widowed, separated)",No formal education,"Other (student, retired, housewife)",601-1650,1,30.90909004,10.76923084,50
290,Female,38,"Other (divorced, widowed, separated)",Grade 1-8,Laid off due to COVID-19,No Income,2,40,80,46
256,Female,70,"Other (divorced, widowed, separated)",No formal education,"Other (student, retired, housewife)",<600,1,34.54545593,24.61538506,62
261,Female,21,Single,Grade 9-12,Unemployed,No Income,2,16.36363602,15.38461494,56
16,Male,30,Married,No formal education,Self-employed,1651-3200,1,25.45454597,15.38461494,60
17,Male,29,Married,Grade 1-8,Laid off due to COVID-19,No Income,1,29.09090996,13.84615421,54
43,Male,20,Single,Grade 9-12,"Other (student, retired, housewife)",<600,1,25.45454597,12.30769253,52
87,Female,40,Married,No formal education,Self-employed,1651-3200,2,29.09090996,16.92307663,64
88,Female,50,Married,No formal education,Unemployed,No Income,3,23.63636398,10.76923084,54
70,Female,60,"Other (divorced, widowed, separated)",Grade 9-12,Unemployed,No Income,3,23.63636398,10.76923084,60
48,Female,25,Single,Graduates,Self-employed,<600,2,27.27272797,6.153846264,50
100,Male,20,"Other (divorced, widowed, separated)",Grade 9-12,"Other (student, retired, housewife)",No Income,6,18.18181801,7.692307472,58
101,Female,29,Married,Graduates,Employed (govt or private),3201-7800,1,20,4.615384579,40
77,Female,38,Single,Grade 9-12,Unemployed,No Income,2,25.45454597,21.53846169,42
102,Female,34,Married,Grade 1-8,"Other (student, retired, housewife)",No Income,2,23.63636398,9.230769157,64
188,Female,40,Single,Grade 1-8,Unemployed,No Income,1,29.09090996,32.30769348,76
97,Male,33,Married,No formal education,Laid off due to COVID-19,No Income,2,12.72727299,40,44
152,Male,23,Married,Grade 9-12,Unemployed,No Income,3,34.54545593,18.46153831,46
456,Male,25,Single,Graduates,Self-employed,1651-3200,2,20,4.615384579,62
159,Female,70,"Other (divorced, widowed, separated)",No formal education,Self-employed,1651-3200,2,29.09090996,50.76922989,66
163,Female,24,Married,Grade 1-8,Employed (govt or private),601-1650,2,38.18181992,52.30769348,58
106,Female,45,"Other (divorced, widowed, separated)",Grade 1-8,Laid off due to COVID-19,No Income,2,21.81818199,6.153846264,70
107,Female,45,"Other (divorced, widowed, separated)",Grade 1-8,Laid off due to COVID-19,No Income,2,21.81818199,6.153846264,66
427,Female,45,"Other (divorced, widowed, separated)",No formal education,"Other (student, retired, housewife)",1651-3200,3,32.72727203,1.538461566,58
428,Male,42,Married,No formal education,Employed (govt or private),601-1650,2,29.09090996,18.46153831,64
430,Female,55,Married,Grade 1-8,"Other (student, retired, housewife)",601-1650,2,21.81818199,16.92307663,46
433,Male,65,Married,Graduates,Laid off due to COVID-19,No Income,2,27.27272797,3.076923132,52
435,Male,20,Single,Grade 1-8,Employed (govt or private),1651-3200,1,29.09090996,12.30769253,58
111,Male,78,"Other (divorced, widowed, separated)",No formal education,"Other (student, retired, housewife)",<600,1,21.81818199,32.30769348,58
458,Female,45,Married,Grade 9-12,Self-employed,<600,3,34.54545593,27.69230843,66
773,Male,42,Married,Grade 1-8,Self-employed,1651-3200,3,20,10.76923084,46
774,Male,54,Married,Grade 1-8,Employed (govt or private),601-1650,2,18.18181801,15.38461494,48
783,Male,72,Married,No formal education,Unemployed,No Income,1,18.18181801,35.38461685,40
726,Female,65,"Other (divorced, widowed, separated)",Grade 9-12,"Other (student, retired, housewife)",1651-3200,3,34.54545593,46.15384674,64
729,Male,29,Married,Grade 1-8,Self-employed,601-1650,2,16.36363602,26.15384674,56
737,Female,34,Married,Grade 1-8,"Other (student, retired, housewife)",No Income,1,18.18181801,13.84615421,58
738,Male,27,Married,Grade 1-8,Unemployed,No Income,1,20,15.38461494,60
527,Female,29,"Other (divorced, widowed, separated)",Grade 1-8,Unemployed,No Income,2,34.54545593,13.84615421,52
679,Female,26,Single,Grade 1-8,Self-employed,3201-7800,2,20,10.76923084,52
531,Male,39,Married,Grade 1-8,Laid off due to COVID-19,No Income,1,25.45454597,10.76923084,66
533,Male,34,Married,Grade 1-8,Employed (govt or private),1651-3200,1,21.81818199,15.38461494,58
535,Female,36,Married,Grade 1-8,Employed (govt or private),1651-3200,2,20,15.38461494,68
788,Male,40,Married,Grade 1-8,Self-employed,3201-7800,2,18.18181801,10.76923084,66
790,Female,30,Married,Grade 1-8,Employed (govt or private),1651-3200,2,20,12.30769253,60
792,Male,26,Single,Grade 1-8,Unemployed,No Income,2,20,16.92307663,64
539,Female,63,"Other (divorced, widowed, separated)",Grade 9-12,Unemployed,No Income,2,27.27272797,21.53846169,52
540,Female,27,"Other (divorced, widowed, separated)",Grade 9-12,Unemployed,No Income,2,32.72727203,32.30769348,54
586,Male,36,Married,Grade 1-8,Employed (govt or private),3201-7800,2,21.81818199,13.84615421,64
542,Female,29,Single,Grade 9-12,Laid off due to COVID-19,No Income,1,20,26.15384674,54
543,Female,24,Married,Grade 1-8,Unemployed,No Income,1,23.63636398,9.230769157,48
547,Female,65,Married,No formal education,"Other (student, retired, housewife)",<600,2,20,66.15384674,50
551,Female,45,"Other (divorced, widowed, separated)",Grade 1-8,Self-employed,601-1650,1,21.81818199,16.92307663,52
555,Female,38,Married,Grade 1-8,Self-employed,601-1650,1,25.45454597,13.84615421,56
801,Male,42,Married,Grade 1-8,Self-employed,3201-7800,2,20,9.230769157,36
739,Female,24,Single,Grade 1-8,Unemployed,No Income,1,20,10.76923084,62
559,Male,39,Married,Grade 1-8,"Other (student, retired, housewife)",No Income,2,16.36363602,30.76922989,36
568,Female,45,"Other (divorced, widowed, separated)",No formal education,Self-employed,<600,2,25.45454597,35.38461685,68
593,Female,32,Married,Grade 9-12,Employed (govt or private),601-1650,1,27.27272797,41.53845978,54
597,Female,30,Single,Grade 1-8,Employed (govt or private),1651-3200,2,38.18181992,13.84615421,54
492,Female,30,"Other (divorced, widowed, separated)",Grade 1-8,"Other (student, retired, housewife)",<600,1,38.18181992,44.61538315,64
494,Female,56,Single,No formal education,Employed (govt or private),<600,2,20,1.538461566,32
624,Female,32,Married,Grade 1-8,Self-employed,3201-7800,1,18.18181801,10.76923084,40
693,Male,30,Married,Grade 1-8,Self-employed,601-1650,1,14.54545498,27.69230843,26
695,Male,46,Married,Grade 1-8,Self-employed,601-1650,2,12.72727299,27.69230843,56
644,Female,27,Married,Grade 1-8,Employed (govt or private),1651-3200,1,20,18.46153831,64
646,Female,32,Married,Grade 1-8,"Other (student, retired, housewife)",No Income,1,20,12.30769253,56
648,Female,27,Married,Grade 1-8,"Other (student, retired, housewife)",No Income,1,20,18.46153831,56
700,Female,23,Single,Grade 9-12,"Other (student, retired, housewife)",No Income,2,20,15.38461494,66
652,Female,27,Married,Grade 1-8,Employed (govt or private),1651-3200,1,18.18181801,9.230769157,56
702,Female,29,Married,Grade 1-8,"Other (student, retired, housewife)",No Income,2,20,20,60
703,Female,22,Single,Grade 9-12,"Other (student, retired, housewife)",No Income,2,21.81818199,20,68
705,Female,36,Married,Graduates,Unemployed,No Income,3,23.63636398,6.153846264,48
666,Female,36,Married,No formal education,Unemployed,No Income,3,21.81818199,10.76923084,54
817,Female,18,Single,Grade 9-12,"Other (student, retired, housewife)",601-1650,3,32.72727203,13.84615421,44
668,Female,30,Married,No formal education,Employed (govt or private),601-1650,1,43.63636398,3.076923132,50
813,Female,65,"Other (divorced, widowed, separated)",No formal education,"Other (student, retired, housewife)",<600,2,32.72727203,6.153846264,44
669,Female,29,Married,Grade 1-8,Employed (govt or private),3201-7800,1,30.90909004,13.84615421,50
316,Female,23,Married,Graduates,Employed (govt or private),1651-3200,2,21.81818199,24.61538506,38
123,Female,40,Married,Grade 1-8,Laid off due to COVID-19,No Income,1,29.09090996,1.538461566,68
499,Female,55,Married,No formal education,Laid off due to COVID-19,No Income,1,45.45454407,7.692307472,62
600,Female,60,Married,No formal education,Unemployed,601-1650,5,34.54545593,10.76923084,48
363,Female,39,Married,Grade 1-8,Employed (govt or private),>=7801,2,25.45454597,10.76923084,40
367,Female,22,Married,Graduates,Employed (govt or private),3201-7800,2,23.63636398,21.53846169,44
304,Female,30,Married,Grade 1-8,Laid off due to COVID-19,No Income,1,29.09090996,13.84615421,64
305,Male,36,Married,Grade 1-8,Employed (govt or private),601-1650,1,29.09090996,18.46153831,68
378,Female,30,Married,Grade 1-8,Self-employed,601-1650,1,25.45454597,16.92307663,66
382,Female,35,Married,Grade 1-8,Employed (govt or private),1651-3200,1,25.45454597,18.46153831,62
383,Female,43,Married,Grade 1-8,Employed (govt or private),1651-3200,1,29.09090996,20,68
384,Female,32,Married,Grade 1-8,Self-employed,601-1650,1,29.09090996,13.84615421,62
607,Female,23,Single,Grade 9-12,Employed (govt or private),601-1650,3,45.45454407,20,44
608,Female,23,Single,Graduates,Employed (govt or private),1651-3200,3,21.81818199,13.84615421,44
516,Female,50,Married,Grade 1-8,"Other (student, retired, housewife)",No Income,1,30.90909004,15.38461494,40
517,Male,76,"Other (divorced, widowed, separated)",Grade 1-8,Unemployed,No Income,2,20,20,36
401,Female,28,Married,Graduates,Self-employed,1651-3200,4,30.90909004,24.61538506,56
402,Male,36,Married,Grade 1-8,Self-employed,>=7801,2,27.27272797,13.84615421,44
403,Male,25,"Other (divorced, widowed, separated)",Graduates,Self-employed,3201-7800,2,23.63636398,13.84615421,54
520,Female,21,Single,Graduates,Self-employed,3201-7800,2,25.45454597,6.153846264,44
522,Male,62,Married,Grade 1-8,Self-employed,>=7801,5,20,12.30769253,48
320,Male,29,Married,Graduates,Laid off due to COVID-19,No Income,1,18.18181801,15.38461494,26
405,Female,35,Married,Grade 1-8,Employed (govt or private),<600,1,47.27272797,33.84615326,64
334,Male,49,Married,Graduates,Employed (govt or private),1651-3200,2,23.63636398,10.76923084,24
338,Male,32,"Other (divorced, widowed, separated)",Graduates,Employed (govt or private),3201-7800,2,21.81818199,15.38461494,40
406,Male,25,Single,Grade 9-12,Employed (govt or private),601-1650,1,27.27272797,15.38461494,50
407,Female,51,Married,No formal education,"Other (student, retired, housewife)",No Income,3,27.27272797,9.230769157,46
408,Male,30,Single,Graduates,Unemployed,No Income,2,27.27272797,15.38461494,56
409,Male,34,Married,Grade 1-8,Self-employed,3201-7800,1,27.27272797,16.92307663,40
300,Male,41,Married,Grade 1-8,Self-employed,601-1650,2,16.36363602,23.07692337,44
230,Male,35,Married,Grade 9-12,Self-employed,1651-3200,1,30.90909004,38.46154022,56
241,Female,29,Married,Grade 1-8,Employed (govt or private),<600,2,34.54545593,36.92307663,62
242,Female,29,Married,Grade 9-12,"Other (student, retired, housewife)",601-1650,1,30.90909004,33.84615326,62
243,Male,70,Married,No formal education,"Other (student, retired, housewife)",601-1650,1,30.90909004,32.30769348,54
246,Female,35,Married,Grade 9-12,Unemployed,No Income,1,36.36363602,21.53846169,52
202,Male,60,Married,Grade 1-8,"Other (student, retired, housewife)",601-1650,1,23.63636398,4.615384579,48
358,Male,33,Married,Graduates,Employed (govt or private),3201-7800,2,32.72727203,15.38461494,74
206,Female,52,Married,Grade 1-8,"Other (student, retired, housewife)",601-1650,1,27.27272797,32.30769348,62
73,Female,36,Married,Grade 1-8,"Other (student, retired, housewife)",No Income,3,23.63636398,24.61538506,40
19,Female,34,Married,Grade 1-8,Unemployed,No Income,1,27.27272797,12.30769253,64
24,Female,36,Married,Grade 1-8,"Other (student, retired, housewife)",No Income,2,23.63636398,13.84615421,66
284,Male,20,Single,Grade 9-12,"Other (student, retired, housewife)",No Income,1,30.90909004,13.84615421,66
286,Male,52,Married,Grade 1-8,"Other (student, retired, housewife)",1651-3200,1,34.54545593,80,36
359,Female,55,Married,Grade 1-8,Employed (govt or private),601-1650,1,34.54545593,64.61538696,50
288,Female,37,Married,Grade 1-8,Laid off due to COVID-19,No Income,2,43.63636398,7.692307472,78
289,Female,35,Married,Grade 9-12,Laid off due to COVID-19,No Income,2,36.36363602,24.61538506,72
360,Female,40,Married,Grade 1-8,Laid off due to COVID-19,No Income,2,23.63636398,69.2307663,46
490,Female,60,"Other (divorced, widowed, separated)",No formal education,Employed (govt or private),<600,1,21.81818199,9.230769157,30
412,Female,47,Married,Grade 1-8,Employed (govt or private),601-1650,1,40,24.61538506,60
37,Male,29,"Other (divorced, widowed, separated)",Graduates,Employed (govt or private),3201-7800,1,23.63636398,12.30769253,36
56,Male,27,Single,Grade 9-12,Employed (govt or private),1651-3200,1,29.09090996,3.076923132,40
57,Female,31,Married,Grade 1-8,Unemployed,No Income,1,20,9.230769157,48
293,Female,22,Single,Grade 1-8,Unemployed,No Income,2,21.81818199,21.53846169,60
85,Female,41,Married,Graduates,Employed (govt or private),1651-3200,2,20,38.46154022,32
42,Male,45,Married,Grade 1-8,Self-employed,1651-3200,1,30.90909004,15.38461494,64
45,Male,49,Married,Grade 1-8,Self-employed,601-1650,2,29.09090996,24.61538506,50
753,Female,26,Single,Grade 1-8,Self-employed,<600,2,20,30.76922989,36
68,Female,37,Single,Grade 9-12,Self-employed,<600,2,34.54545593,9.230769157,56
47,Female,31,Single,Grade 1-8,Unemployed,No Income,2,34.54545593,4.615384579,72
186,Female,45,Married,No formal education,Self-employed,3201-7800,2,30.90909004,10.76923084,64
414,Female,60,"Other (divorced, widowed, separated)",Grade 1-8,Laid off due to COVID-19,No Income,2,38.18181992,15.38461494,46
81,Female,36,Married,Grade 1-8,Laid off due to COVID-19,No Income,2,29.09090996,12.30769253,56
472,Male,35,Single,Grade 1-8,Unemployed,No Income,3,23.63636398,12.30769253,68
475,Male,19,Single,Grade 1-8,Self-employed,<600,2,16.36363602,20,58
155,Female,55,"Other (divorced, widowed, separated)",Grade 1-8,Self-employed,1651-3200,3,45.45454407,23.07692337,48
417,Female,35,Single,Graduates,Unemployed,No Income,2,23.63636398,27.69230843,44
419,Female,40,"Other (divorced, widowed, separated)",Grade 9-12,Employed (govt or private),<600,2,30.90909004,44.61538315,60
422,Female,55,Single,Graduates,Unemployed,1651-3200,3,25.45454597,23.07692337,52
157,Female,35,Married,No formal education,Self-employed,601-1650,3,32.72727203,13.84615421,60
439,Female,42,Married,Grade 9-12,Unemployed,No Income,4,23.63636398,6.153846264,36
440,Female,32,Married,Grade 1-8,Self-employed,3201-7800,1,34.54545593,30.76922989,52
162,Female,30,"Other (divorced, widowed, separated)",No formal education,Self-employed,601-1650,2,38.18181992,36.92307663,64
166,Male,32,Married,Grade 1-8,Laid off due to COVID-19,No Income,1,29.09090996,7.692307472,70
126,Female,30,Married,Grade 1-8,Laid off due to COVID-19,No Income,1,23.63636398,10.76923084,68
481,Male,30,Single,Grade 9-12,Unemployed,No Income,3,40,18.46153831,60
173,Female,27,Married,Grade 1-8,Self-employed,1651-3200,4,32.72727203,32.30769348,48
176,Female,29,Married,Grade 9-12,Self-employed,1651-3200,3,32.72727203,7.692307472,26
459,Male,20,Single,Grade 9-12,"Other (student, retired, housewife)",<600,4,36.36363602,16.92307663,64
776,Male,32,Married,Grade 9-12,Self-employed,1651-3200,1,40,3.076923132,50
781,Male,37,Married,Grade 9-12,Employed (govt or private),3201-7800,1,23.63636398,20,44
782,Female,26,Married,Graduates,Employed (govt or private),1651-3200,1,23.63636398,16.92307663,38
719,Male,37,Married,Graduates,Employed (govt or private),3201-7800,2,23.63636398,10.76923084,38
723,Male,29,Married,Graduates,Self-employed,1651-3200,2,38.18181992,7.692307472,64
724,Female,35,Married,Grade 1-8,Self-employed,601-1650,1,36.36363602,0,56
786,Female,28,Married,Grade 1-8,Employed (govt or private),1651-3200,1,21.81818199,13.84615421,60
735,Female,39,Married,Grade 1-8,"Other (student, retired, housewife)",No Income,1,20,9.230769157,54
736,Female,32,Married,Grade 1-8,Employed (govt or private),601-1650,1,25.45454597,13.84615421,58
789,Female,36,"Other (divorced, widowed, separated)",No formal education,Laid off due to COVID-19,No Income,1,25.45454597,16.92307663,66
791,Male,33,Married,No formal education,Self-employed,3201-7800,1,23.63636398,15.38461494,58
795,Female,30,"Other (divorced, widowed, separated)",Grade 1-8,Employed (govt or private),601-1650,1,25.45454597,18.46153831,60
541,Female,35,Married,No formal education,Unemployed,No Income,1,21.81818199,16.92307663,46
556,Male,41,Married,Grade 9-12,Employed (govt or private),>=7801,2,23.63636398,4.615384579,46
569,Male,29,Married,Grade 9-12,Employed (govt or private),>=7801,2,25.45454597,9.230769157,34
570,Female,55,Married,No formal education,Unemployed,No Income,3,23.63636398,30.76922989,30
573,Female,32,Married,Grade 1-8,Self-employed,3201-7800,2,27.27272797,7.692307472,56
799,Male,39,Married,Grade 1-8,Self-employed,>=7801,2,25.45454597,9.230769157,42
800,Male,28,Single,Graduates,Employed (govt or private),3201-7800,4,21.81818199,6.153846264,40
804,Male,52,Married,Grade 1-8,Self-employed,3201-7800,2,23.63636398,13.84615421,44
806,Male,35,Married,Grade 9-12,Employed (govt or private),3201-7800,2,21.81818199,13.84615421,42
562,Male,43,Married,Grade 1-8,Laid off due to COVID-19,No Income,1,20,29.23077011,38
592,Male,57,Married,Grade 1-8,Self-employed,601-1650,3,23.63636398,33.84615326,36
628,Male,42,Married,Grade 1-8,Self-employed,3201-7800,2,21.81818199,3.076923132,28
682,Male,28,Married,Grade 1-8,Self-employed,3201-7800,2,23.63636398,6.153846264,42
683,Male,28,Married,No formal education,Self-employed,3201-7800,1,20,12.30769253,36
684,Male,31,Married,Grade 1-8,Self-employed,3201-7800,2,20,12.30769253,46
687,Male,35,Married,Graduates,Employed (govt or private),3201-7800,3,21.81818199,15.38461494,38
638,Female,23,Single,Grade 1-8,Employed (govt or private),601-1650,2,18.18181801,38.46154022,28
641,Male,63,"Other (divorced, widowed, separated)",Grade 1-8,Self-employed,1651-3200,3,18.18181801,30.76922989,42
642,Female,37,Married,Grade 1-8,Employed (govt or private),601-1650,1,20,27.69230843,38
697,Male,36,Married,Grade 1-8,Self-employed,601-1650,3,16.36363602,40,48
647,Female,38,Married,Grade 1-8,"Other (student, retired, housewife)",No Income,1,21.81818199,18.46153831,62
599,Male,29,Single,Grade 1-8,Self-employed,1651-3200,2,25.45454597,16.92307663,58
810,Male,41,Married,Grade 1-8,Self-employed,1651-3200,2,36.36363602,16.92307663,66
699,Female,36,Married,Grade 1-8,"Other (student, retired, housewife)",No Income,2,23.63636398,9.230769157,66
708,Female,38,Married,Grade 1-8,Self-employed,601-1650,3,23.63636398,12.30769253,60
709,Male,40,Married,Grade 1-8,Self-employed,1651-3200,3,27.27272797,15.38461494,52
663,Male,28,Married,Grade 9-12,Self-employed,1651-3200,2,25.45454597,15.38461494,56
710,Female,18,Single,Grade 1-8,Self-employed,601-1650,4,32.72727203,3.076923132,62
816,Female,50,Married,No formal education,"Other (student, retired, housewife)",601-1650,1,41.81818008,36.92307663,44
667,Female,33,Single,Grade 1-8,Unemployed,<600,1,34.54545593,9.230769157,52
815,Female,65,Married,Grade 1-8,Employed (govt or private),1651-3200,2,36.36363602,1.538461566,48
671,Male,62,Married,Grade 1-8,Employed (govt or private),3201-7800,2,45.45454407,7.692307472,52
673,Male,32,Single,Grade 9-12,Self-employed,>=7801,9,38.18181992,12.30769253,56
307,Male,42,"Other (divorced, widowed, separated)",Grade 9-12,Employed (govt or private),1651-3200,1,32.72727203,16.92307663,70
495,Female,36,Single,Grade 1-8,Laid off due to COVID-19,No Income,1,40,3.076923132,48
361,Male,43,Married,No formal education,Self-employed,>=7801,7,40,20,54
362,Female,27,Married,Grade 1-8,Self-employed,>=7801,4,25.45454597,15.38461494,52
370,Male,33,Married,Grade 1-8,Self-employed,>=7801,4,29.09090996,6.153846264,50
372,Female,30,Married,Grade 1-8,Unemployed,No Income,2,21.81818199,36.92307663,34
605,Female,35,Married,Graduates,Employed (govt or private),>=7801,3,40,4.615384579,52
609,Male,30,Married,Graduates,Employed (govt or private),3201-7800,1,43.63636398,12.30769253,62
386,Male,39,Married,Graduates,Self-employed,3201-7800,1,30.90909004,13.84615421,42
313,Female,62,Married,No formal education,"Other (student, retired, housewife)",601-1650,2,40,4.615384579,44
314,Male,32,Married,Graduates,Self-employed,1651-3200,2,43.63636398,32.30769348,58
391,Male,39,Married,Graduates,Employed (govt or private),>=7801,2,32.72727203,12.30769253,50
394,Female,43,Married,Grade 1-8,Unemployed,601-1650,2,30.90909004,21.53846169,58
519,Male,35,Married,Grade 1-8,Employed (govt or private),>=7801,3,27.27272797,6.153846264,48
521,Female,35,"Other (divorced, widowed, separated)",Grade 1-8,Self-employed,601-1650,1,27.27272797,10.76923084,36
524,Male,32,Married,Grade 1-8,Employed (govt or private),>=7801,3,25.45454597,12.30769253,48
209,Female,35,Married,Graduates,Self-employed,1651-3200,2,47.27272797,41.53845978,54
332,Male,57,Married,Grade 1-8,Self-employed,3201-7800,2,36.36363602,53.84615326,48
213,Male,35,Single,Graduates,Employed (govt or private),3201-7800,2,23.63636398,15.38461494,50
214,Male,26,Single,Graduates,Self-employed,>=7801,2,34.54545593,23.07692337,54
336,Female,28,Married,Grade 1-8,Self-employed,>=7801,6,29.09090996,9.230769157,36
196,Male,42,Married,Graduates,Self-employed,1651-3200,2,18.18181801,27.69230843,30
236,Female,36,Single,Grade 9-12,Unemployed,No Income,2,38.18181992,41.53845978,50
276,Female,37,Married,Grade 9-12,Unemployed,No Income,2,41.81818008,47.69230652,54
279,Male,61,Single,Grade 1-8,"Other (student, retired, housewife)",601-1650,1,45.45454407,33.84615326,66
344,Male,58,Married,Graduates,Employed (govt or private),>=7801,4,38.18181992,41.53845978,60
354,Female,29,Single,Grade 9-12,Unemployed,No Income,2,38.18181992,52.30769348,62
585,Female,30,Married,Grade 1-8,Laid off due to COVID-19,No Income,1,27.27272797,16.92307663,68
33,Female,35,Single,Grade 1-8,"Other (student, retired, housewife)",No Income,2,43.63636398,26.15384674,58
491,Female,26,Married,Grade 1-8,Laid off due to COVID-19,No Income,1,49.09090805,21.53846169,42
292,Female,45,Married,Grade 1-8,"Other (student, retired, housewife)",601-1650,3,38.18181992,6.153846264,42
58,Male,48,Married,Grade 1-8,Self-employed,3201-7800,2,38.18181992,12.30769253,42
9,Male,62,"Other (divorced, widowed, separated)",Grade 9-12,Self-employed,601-1650,3,54.54545593,32.30769348,54
296,Female,28,Married,Grade 9-12,Employed (govt or private),1651-3200,2,25.45454597,0,40
182,Female,40,Married,Grade 9-12,Self-employed,1651-3200,2,58.18181992,44.61538315,64
183,Female,26,Single,Grade 9-12,Self-employed,<600,2,38.18181992,46.15384674,66
184,Male,63,Married,Grade 1-8,Employed (govt or private),1651-3200,2,27.27272797,10.76923084,52
53,Female,21,Single,Grade 1-8,Self-employed,3201-7800,2,32.72727203,13.84615421,36
79,Female,42,Married,Grade 1-8,Unemployed,No Income,2,30.90909004,21.53846169,68
83,Male,33,Married,Graduates,Laid off due to COVID-19,No Income,1,21.81818199,27.69230843,56
95,Female,31,Married,Grade 1-8,Self-employed,601-1650,1,25.45454597,38.46154022,32
756,Male,62,Married,Grade 1-8,"Other (student, retired, housewife)",601-1650,2,25.45454597,32.30769348,38
103,Male,72,Married,Grade 1-8,Laid off due to COVID-19,No Income,2,43.63636398,26.15384674,60
150,Female,66,Married,No formal education,Unemployed,No Income,3,38.18181992,24.61538506,64
471,Male,23,Single,Grade 1-8,Employed (govt or private),601-1650,1,21.81818199,13.84615421,56
474,Male,45,Single,Grade 1-8,Employed (govt or private),<600,2,45.45454407,30.76922989,68
416,Female,64,"Other (divorced, widowed, separated)",No formal education,"Other (student, retired, housewife)",601-1650,2,32.72727203,53.84615326,58
423,Female,35,Married,Graduates,Self-employed,601-1650,2,45.45454407,41.53845978,58
437,Female,35,Married,Grade 9-12,Employed (govt or private),1651-3200,4,34.54545593,6.153846264,38
158,Female,45,Married,No formal education,Self-employed,601-1650,1,47.27272797,30.76922989,70
134,Female,34,"Other (divorced, widowed, separated)",No formal education,Self-employed,3201-7800,1,38.18181992,6.153846264,52
110,Male,30,Married,Grade 9-12,Self-employed,3201-7800,2,21.81818199,7.692307472,58
178,Female,35,Married,Grade 1-8,Unemployed,601-1650,1,40,21.53846169,54
779,Female,42,Single,No formal education,Laid off due to COVID-19,No Income,2,32.72727203,12.30769253,66
784,Male,27,Married,Grade 9-12,Self-employed,>=7801,2,29.09090996,20,38
720,Male,42,Married,Grade 1-8,Self-employed,3201-7800,2,30.90909004,10.76923084,32
722,Male,55,Married,Grade 1-8,Self-employed,3201-7800,3,29.09090996,10.76923084,42
730,Male,37,Married,No formal education,Employed (govt or private),1651-3200,3,23.63636398,26.15384674,28
731,Female,35,Married,Grade 1-8,Employed (govt or private),601-1650,2,21.81818199,26.15384674,24
536,Male,38,"Other (divorced, widowed, separated)",Grade 1-8,Laid off due to COVID-19,No Income,2,29.09090996,16.92307663,68
552,Female,33,Married,Grade 9-12,Self-employed,601-1650,1,32.72727203,10.76923084,56
574,Male,52,Married,Grade 1-8,Self-employed,>=7801,2,25.45454597,1.538461566,40
803,Male,28,Single,Graduates,Employed (govt or private),3201-7800,1,27.27272797,9.230769157,34
805,Female,30,Married,Grade 1-8,"Other (student, retired, housewife)",No Income,1,23.63636398,13.84615421,46
807,Female,22,Single,Graduates,"Other (student, retired, housewife)",No Income,5,23.63636398,12.30769253,42
617,Male,42,Married,Grade 1-8,Employed (govt or private),3201-7800,2,25.45454597,16.92307663,32
620,Male,52,"Other (divorced, widowed, separated)",Graduates,Self-employed,1651-3200,2,21.81818199,32.30769348,54
681,Male,41,Married,Grade 1-8,Self-employed,1651-3200,1,40,7.692307472,44
596,Female,18,Single,Grade 9-12,"Other (student, retired, housewife)",601-1650,3,32.72727203,23.07692337,52
622,Male,31,Married,Grade 1-8,Self-employed,3201-7800,1,21.81818199,4.615384579,36
623,Male,24,Single,Graduates,"Other (student, retired, housewife)",No Income,3,25.45454597,13.84615421,40
626,Female,32,Married,Graduates,Employed (govt or private),3201-7800,3,21.81818199,9.230769157,32
627,Female,32,Married,Graduates,Employed (govt or private),3201-7800,3,21.81818199,9.230769157,32
631,Female,37,Married,Grade 1-8,Self-employed,3201-7800,2,23.63636398,18.46153831,42
685,Male,52,Married,No formal education,Self-employed,1651-3200,1,27.27272797,23.07692337,36
686,Male,27,Married,Grade 9-12,Employed (govt or private),3201-7800,3,29.09090996,18.46153831,40
688,Female,19,Single,Grade 9-12,"Other (student, retired, housewife)",No Income,3,29.09090996,16.92307663,32
690,Female,21,Single,Graduates,Employed (govt or private),3201-7800,1,29.09090996,16.92307663,48
808,Female,40,Married,Grade 9-12,Self-employed,<600,3,38.18181992,20,66
640,Male,29,Married,Graduates,Self-employed,601-1650,1,21.81818199,30.76922989,52
809,Male,31,Married,Grade 1-8,Self-employed,1651-3200,3,21.81818199,26.15384674,42
665,Male,42,Married,Grade 1-8,Employed (govt or private),1651-3200,2,30.90909004,15.38461494,46
496,Female,65,"Other (divorced, widowed, separated)",Grade 1-8,Unemployed,<600,2,29.09090996,3.076923132,36
602,Male,66,Married,Graduates,Employed (govt or private),3201-7800,3,50.90909195,40,68
598,Male,34,Married,Grade 9-12,Laid off due to COVID-19,No Income,2,49.09090805,53.84615326,64
506,Female,40,Married,Grade 1-8,Laid off due to COVID-19,No Income,3,47.27272797,58.46154022,56
509,Female,78,"Other (divorced, widowed, separated)",No formal education,Unemployed,No Income,2,45.45454407,41.53845978,40
511,Male,65,Married,Graduates,Employed (govt or private),3201-7800,4,36.36363602,40,56
512,Male,70,"Other (divorced, widowed, separated)",No formal education,Unemployed,No Income,1,50.90909195,40,66
513,Male,48,Married,Graduates,Employed (govt or private),3201-7800,2,47.27272797,40,56
514,Female,58,Married,Grade 1-8,Unemployed,No Income,3,50.90909195,38.46154022,48
368,Male,32,Married,Grade 1-8,Self-employed,3201-7800,1,25.45454597,10.76923084,52
373,Male,37,Married,Graduates,Self-employed,1651-3200,1,23.63636398,21.53846169,32
743,Female,37,Married,No formal education,Unemployed,No Income,3,25.45454597,20,38
744,Male,43,Married,Grade 1-8,Self-employed,1651-3200,2,27.27272797,24.61538506,34
745,Male,32,Married,Grade 1-8,Self-employed,1651-3200,2,21.81818199,26.15384674,46
489,Male,72,"Other (divorced, widowed, separated)",Grade 1-8,"Other (student, retired, housewife)",601-1650,1,36.36363602,21.53846169,42
327,Male,22,Single,Graduates,"Other (student, retired, housewife)",No Income,2,58.18181992,43.07692337,66
328,Female,37,Married,Grade 9-12,Unemployed,No Income,2,52.72727203,35.38461685,60
215,Male,38,Married,Grade 1-8,Self-employed,>=7801,2,29.09090996,16.92307663,44
199,Male,55,Married,Grade 1-8,Employed (govt or private),3201-7800,2,30.90909004,13.84615421,54
195,Female,53,Married,No formal education,Unemployed,<600,2,21.81818199,30.76922989,40
226,Female,23,Married,Grade 9-12,Laid off due to COVID-19,No Income,1,30.90909004,21.53846169,64
234,Female,43,"Other (divorced, widowed, separated)",Graduates,Employed (govt or private),1651-3200,1,52.72727203,41.53845978,60
270,Female,35,Married,Grade 1-8,Unemployed,No Income,1,47.27272797,53.84615326,58
271,Female,80,"Other (divorced, widowed, separated)",Grade 1-8,Unemployed,No Income,1,45.45454407,33.84615326,54
272,Female,45,Married,Grade 9-12,Self-employed,1651-3200,2,47.27272797,33.84615326,50
273,Female,41,Single,Grade 1-8,Unemployed,No Income,5,47.27272797,35.38461685,64
274,Female,42,Married,Grade 9-12,Employed (govt or private),1651-3200,1,49.09090805,30.76922989,40
275,Male,19,Single,Graduates,"Other (student, retired, housewife)",No Income,7,41.81818008,43.07692337,66
277,Male,46,Married,Graduates,Employed (govt or private),3201-7800,4,47.27272797,35.38461685,58
342,Female,33,"Other (divorced, widowed, separated)",Grade 9-12,Employed (govt or private),601-1650,3,49.09090805,43.07692337,66
615,Female,21,Single,Graduates,"Other (student, retired, housewife)",No Income,6,56.36363602,46.15384674,68
346,Female,40,Married,Grade 9-12,Employed (govt or private),601-1650,2,45.45454407,47.69230652,64
352,Male,39,Married,Graduates,Self-employed,>=7801,2,50.90909195,36.92307663,68
353,Female,37,Married,Grade 1-8,Laid off due to COVID-19,No Income,1,56.36363602,41.53845978,64
357,Female,42,Married,Grade 1-8,Employed (govt or private),3201-7800,2,38.18181992,10.76923084,48
29,Female,60,"Other (divorced, widowed, separated)",Grade 1-8,"Other (student, retired, housewife)",601-1650,2,41.81818008,29.23077011,70
30,Female,39,"Other (divorced, widowed, separated)",No formal education,Laid off due to COVID-19,No Income,2,45.45454407,27.69230843,70
31,Female,43,Married,Grade 1-8,Employed (govt or private),601-1650,2,50.90909195,32.30769348,60
60,Female,30,Married,No formal education,Laid off due to COVID-19,No Income,1,47.27272797,32.30769348,64
61,Female,50,"Other (divorced, widowed, separated)",Grade 9-12,Laid off due to COVID-19,No Income,1,50.90909195,41.53845978,74
299,Female,52,"Other (divorced, widowed, separated)",Grade 9-12,Employed (govt or private),1651-3200,1,49.09090805,23.07692337,46
39,Male,39,Married,Grade 1-8,Self-employed,3201-7800,2,41.81818008,18.46153831,54
13,Male,39,Married,No formal education,Unemployed,No Income,2,25.45454597,55.38461685,28
14,Male,46,Married,Grade 1-8,Unemployed,601-1650,2,23.63636398,27.69230843,32
754,Male,57,"Other (divorced, widowed, separated)",Grade 1-8,Self-employed,1651-3200,2,27.27272797,29.23077011,34
6,Male,42,Married,Grade 1-8,Employed (govt or private),1651-3200,3,38.18181992,80,58
142,Male,20,Single,Grade 1-8,"Other (student, retired, housewife)",No Income,1,43.63636398,21.53846169,74
755,Male,49,Married,Graduates,Laid off due to COVID-19,No Income,3,27.27272797,30.76922989,30
462,Female,25,Single,Grade 1-8,Self-employed,601-1650,2,50.90909195,20,76
463,Male,29,"Other (divorced, widowed, separated)",Graduates,Self-employed,1651-3200,1,50.90909195,30.76922989,72
466,Male,28,Single,Grade 9-12,Self-employed,3201-7800,1,45.45454407,18.46153831,68
114,Female,38,Married,Grade 9-12,Unemployed,No Income,3,52.72727203,29.23077011,74
116,Male,24,Married,Grade 1-8,Self-employed,<600,1,45.45454407,23.07692337,52
187,Female,55,Married,Grade 1-8,Self-employed,<600,2,47.27272797,29.23077011,60
476,Female,30,Single,Grade 1-8,Self-employed,<600,2,40,7.692307472,64
436,Female,73,"Other (divorced, widowed, separated)",No formal education,"Other (student, retired, housewife)",<600,2,38.18181992,43.07692337,40
418,Female,45,"Other (divorced, widowed, separated)",No formal education,Employed (govt or private),<600,3,45.45454407,47.69230652,60
11,Female,25,"Other (divorced, widowed, separated)",Grade 1-8,Unemployed,3201-7800,4,45.45454407,80,58
298,Female,35,Married,Grade 1-8,Self-employed,1651-3200,1,36.36363602,80,58
424,Female,40,Married,Grade 1-8,Self-employed,601-1650,2,36.36363602,80,58
136,Male,45,Married,Grade 1-8,Self-employed,1651-3200,1,40,23.07692337,64
760,Female,47,Married,Grade 1-8,Unemployed,No Income,2,45.45454407,33.84615326,68
769,Female,25,Single,Graduates,Unemployed,No Income,2,47.27272797,38.46154022,68
772,Male,49,Married,Graduates,Employed (govt or private),1651-3200,2,45.45454407,41.53845978,60
589,Female,36,Married,Grade 1-8,Self-employed,1651-3200,3,27.27272797,27.69230843,42
590,Female,36,"Other (divorced, widowed, separated)",Grade 1-8,Self-employed,1651-3200,2,25.45454597,29.23077011,26
591,Female,39,"Other (divorced, widowed, separated)",Graduates,Self-employed,601-1650,2,23.63636398,27.69230843,42
567,Male,79,Married,Grade 9-12,"Other (student, retired, housewife)",601-1650,2,49.09090805,44.61538315,68
689,Male,41,Married,Grade 1-8,Self-employed,3201-7800,3,25.45454597,20,32
632,Female,33,"Other (divorced, widowed, separated)",Grade 1-8,Self-employed,3201-7800,4,23.63636398,29.23077011,44
634,Female,23,Married,Graduates,Self-employed,3201-7800,2,30.90909004,29.23077011,40
635,Male,37,Married,Grade 1-8,Self-employed,601-1650,1,23.63636398,38.46154022,52
692,Female,21,Married,Grade 1-8,Unemployed,No Income,1,27.27272797,7.692307472,24
658,Female,35,Married,Grade 1-8,Unemployed,<600,2,45.45454407,15.38461494,50
741,Male,22,Single,Grade 9-12,Employed (govt or private),1651-3200,1,29.09090996,12.30769253,50
712,Male,30,Married,Grade 1-8,Laid off due to COVID-19,No Income,1,41.81818008,3.076923132,50
718,Female,36,Married,Grade 9-12,Unemployed,No Income,3,50.90909195,46.15384674,72
601,Female,55,Married,Grade 9-12,Unemployed,No Income,3,56.36363602,43.07692337,52
575,Female,40,"Other (divorced, widowed, separated)",Grade 9-12,Unemployed,No Income,1,52.72727203,44.61538315,52
603,Female,28,Married,Graduates,Employed (govt or private),3201-7800,1,50.90909195,41.53845978,52
604,Female,23,Married,Grade 9-12,Unemployed,No Income,4,45.45454407,38.46154022,80
502,Male,58,Married,Graduates,Employed (govt or private),3201-7800,3,54.54545593,52.30769348,56
503,Female,28,Single,Grade 1-8,Laid off due to COVID-19,No Income,1,52.72727203,33.84615326,52
504,Female,18,Single,Graduates,"Other (student, retired, housewife)",No Income,2,50.90909195,43.07692337,60
505,Female,25,Married,Grade 1-8,Laid off due to COVID-19,No Income,1,43.63636398,38.46154022,56
507,Female,39,Married,Grade 1-8,Employed (govt or private),601-1650,1,49.09090805,50.76922989,56
510,Female,36,"Other (divorced, widowed, separated)",Grade 9-12,Employed (govt or private),1651-3200,1,47.27272797,35.38461685,60
371,Female,38,Married,Grade 1-8,Unemployed,No Income,2,43.63636398,29.23077011,38
742,Female,46,Married,Graduates,Self-employed,1651-3200,3,29.09090996,24.61538506,56
387,Female,29,Single,Graduates,"Other (student, retired, housewife)",601-1650,3,60,1.538461566,46
404,Male,31,Married,Grade 1-8,Self-employed,601-1650,1,29.09090996,67.69230652,34
329,Female,35,Single,Graduates,Employed (govt or private),1651-3200,2,50.90909195,35.38461685,74
330,Female,28,Married,Graduates,Unemployed,No Income,3,50.90909195,52.30769348,74
217,Male,18,Single,Grade 9-12,"Other (student, retired, housewife)",No Income,3,34.54545593,27.69230843,50
218,Male,37,Married,Grade 1-8,Self-employed,601-1650,2,32.72727203,30.76922989,46
211,Male,49,Married,Grade 1-8,Self-employed,601-1650,2,41.81818008,30.76922989,44
219,Female,29,Married,Grade 1-8,Self-employed,601-1650,1,30.90909004,29.23077011,36
220,Male,24,Single,Grade 1-8,Unemployed,No Income,1,32.72727203,49.23077011,46
221,Female,33,Married,Grade 1-8,Self-employed,1651-3200,1,27.27272797,52.30769348,48
197,Female,29,Married,Grade 1-8,Self-employed,601-1650,2,27.27272797,7.692307472,32
224,Male,34,Married,Grade 1-8,Employed (govt or private),601-1650,2,27.27272797,27.69230843,26
749,Male,49,Married,Grade 1-8,Self-employed,3201-7800,4,32.72727203,36.92307663,32
225,Female,40,Married,Grade 1-8,Self-employed,<600,2,30.90909004,80,50
269,Male,36,Married,Grade 1-8,Self-employed,601-1650,1,50.90909195,30.76922989,64
232,Female,35,Married,Grade 1-8,Laid off due to COVID-19,No Income,1,49.09090805,29.23077011,78
233,Female,60,Single,Graduates,Unemployed,No Income,9,50.90909195,36.92307663,50
235,Female,24,Married,Grade 9-12,Employed (govt or private),<600,2,45.45454407,36.92307663,76
278,Female,25,Married,Graduates,Unemployed,No Income,3,49.09090805,35.38461685,72
580,Male,55,Married,Grade 1-8,Employed (govt or private),601-1650,1,52.72727203,47.69230652,48
610,Female,54,Married,Graduates,Unemployed,No Income,3,54.54545593,43.07692337,72
611,Female,27,Married,Grade 1-8,Laid off due to COVID-19,No Income,1,52.72727203,43.07692337,72
339,Female,60,Married,No formal education,Unemployed,No Income,3,49.09090805,36.92307663,80
340,Male,27,Single,Graduates,Self-employed,3201-7800,1,56.36363602,50.76922989,70
341,Female,28,Married,Grade 9-12,Laid off due to COVID-19,No Income,2,50.90909195,36.92307663,60
581,Female,66,Married,Graduates,Employed (govt or private),3201-7800,3,47.27272797,43.07692337,52
237,Female,63,"Other (divorced, widowed, separated)",No formal education,Unemployed,No Income,2,49.09090805,38.46154022,68
525,Female,26,Married,Grade 9-12,Unemployed,No Income,1,56.36363602,36.92307663,52
526,Female,35,Married,Grade 1-8,Unemployed,No Income,1,45.45454407,35.38461685,62
612,Female,26,Married,Graduates,Laid off due to COVID-19,No Income,2,58.18181992,41.53845978,68
613,Female,40,Married,Grade 9-12,Employed (govt or private),601-1650,1,49.09090805,43.07692337,70
614,Female,20,Single,Graduates,"Other (student, retired, housewife)",No Income,4,56.36363602,55.38461685,74
343,Male,36,Married,Graduates,Self-employed,3201-7800,6,49.09090805,80,68
345,Female,55,"Other (divorced, widowed, separated)",No formal education,Employed (govt or private),<600,2,49.09090805,47.69230652,68
347,Female,20,Single,Graduates,"Other (student, retired, housewife)",No Income,3,52.72727203,35.38461685,66
348,Male,47,Married,Grade 9-12,Self-employed,1651-3200,2,54.54545593,36.92307663,62
349,Male,40,Married,Grade 1-8,Laid off due to COVID-19,No Income,1,50.90909195,43.07692337,74
350,Female,66,"Other (divorced, widowed, separated)",No formal education,Laid off due to COVID-19,No Income,2,47.27272797,55.38461685,70
616,Female,36,Married,Graduates,Employed (govt or private),1651-3200,2,49.09090805,44.61538315,64
351,Female,22,Single,Graduates,"Other (student, retired, housewife)",No Income,4,41.81818008,52.30769348,62
98,Male,19,Single,Grade 9-12,"Other (student, retired, housewife)",No Income,2,40,38.46154022,40
32,Female,45,Single,Grade 1-8,Laid off due to COVID-19,No Income,1,50.90909195,27.69230843,76
62,Female,30,Married,Grade 1-8,Laid off due to COVID-19,No Income,1,52.72727203,32.30769348,72
63,Female,28,Married,Grade 1-8,Laid off due to COVID-19,No Income,1,45.45454407,30.76922989,70
64,Female,35,Married,No formal education,Laid off due to COVID-19,No Income,1,45.45454407,30.76922989,72
65,Male,22,Single,Graduates,Self-employed,3201-7800,1,50.90909195,35.38461685,56
191,Female,30,Married,Grade 1-8,Unemployed,No Income,1,47.27272797,33.84615326,80
84,Male,36,Married,Grade 1-8,Self-employed,1651-3200,2,56.36363602,23.07692337,74
35,Female,48,"Other (divorced, widowed, separated)",No formal education,Self-employed,601-1650,1,43.63636398,13.84615421,46
66,Male,25,Single,Graduates,Self-employed,1651-3200,1,30.90909004,7.692307472,50
1,Female,59,Married,No formal education,Laid off due to COVID-19,No Income,3,49.09090805,32.30769348,80
2,Female,60,"Other (divorced, widowed, separated)",Grade 1-8,Unemployed,No Income,2,52.72727203,35.38461685,72
291,Female,23,Married,Grade 9-12,Unemployed,No Income,1,49.09090805,30.76922989,64
3,Male,35,Single,Graduates,Employed (govt or private),>=7801,1,50.90909195,27.69230843,70
4,Female,36,Single,Grade 9-12,Employed (govt or private),1651-3200,2,54.54545593,38.46154022,80
262,Male,31,Married,Graduates,Employed (govt or private),>=7801,2,41.81818008,40,54
40,Female,24,Single,Grade 9-12,Self-employed,<600,1,32.72727203,27.69230843,28
92,Female,41,Married,Grade 1-8,Self-employed,<600,1,34.54545593,10.76923084,70
96,Female,30,Married,Grade 1-8,Unemployed,No Income,2,32.72727203,32.30769348,66
93,Male,33,Married,Grade 1-8,Self-employed,<600,1,34.54545593,24.61538506,40
41,Male,34,"Other (divorced, widowed, separated)",Graduates,"Other (student, retired, housewife)",No Income,2,29.09090996,29.23077011,50
15,Female,21,Married,Grade 1-8,"Other (student, retired, housewife)",No Income,1,36.36363602,30.76922989,34
94,Male,38,Married,Grade 1-8,Employed (govt or private),601-1650,1,29.09090996,32.30769348,34
12,Female,23,Married,Grade 1-8,Unemployed,<600,2,41.81818008,38.46154022,40
265,Female,30,Married,Grade 1-8,Laid off due to COVID-19,No Income,5,50.90909195,20,54
181,Female,43,Married,Grade 1-8,"Other (student, retired, housewife)",3201-7800,2,50.90909195,40,68
185,Female,32,Single,Grade 9-12,Unemployed,601-1650,3,56.36363602,24.61538506,66
143,Female,30,Single,Grade 1-8,Unemployed,No Income,1,45.45454407,29.23077011,66
144,Female,27,Single,Grade 1-8,Unemployed,No Income,6,32.72727203,33.84615326,52
145,Female,19,"Other (divorced, widowed, separated)",Grade 1-8,Unemployed,No Income,1,45.45454407,50.76922989,52
146,Male,48,Single,Grade 1-8,"Other (student, retired, housewife)",<600,2,49.09090805,44.61538315,46
467,Female,24,"Other (divorced, widowed, separated)",Graduates,"Other (student, retired, housewife)",No Income,1,61.81818008,36.92307663,78
452,Male,31,Single,Graduates,Laid off due to COVID-19,No Income,8,56.36363602,21.53846169,80
453,Male,27,"Other (divorced, widowed, separated)",Graduates,Self-employed,>=7801,1,47.27272797,15.38461494,56
454,Male,49,Married,Graduates,Employed (govt or private),>=7801,5,58.18181992,15.38461494,66
112,Female,19,Single,Grade 1-8,Employed (govt or private),601-1650,4,52.72727203,33.84615326,64
113,Female,27,Married,Graduates,Unemployed,No Income,2,54.54545593,46.15384674,66
147,Female,58,"Other (divorced, widowed, separated)",Grade 9-12,Unemployed,No Income,3,60,60,76
148,Female,64,Married,No formal education,Unemployed,No Income,1,50.90909195,23.07692337,72
117,Female,52,"Other (divorced, widowed, separated)",Grade 1-8,Unemployed,No Income,3,49.09090805,23.07692337,68
267,Female,35,Married,Graduates,Employed (govt or private),3201-7800,2,50.90909195,44.61538315,34
189,Female,28,Married,Grade 9-12,Unemployed,No Income,2,45.45454407,24.61538506,48
190,Female,45,Married,No formal education,Employed (govt or private),<600,2,41.81818008,24.61538506,68
468,Female,35,Married,Grade 1-8,Unemployed,No Income,1,54.54545593,38.46154022,64
469,Female,25,Single,Grade 1-8,Employed (govt or private),601-1650,1,52.72727203,38.46154022,52
118,Female,38,Single,Grade 1-8,Unemployed,No Income,1,52.72727203,43.07692337,58
470,Male,28,Married,Grade 1-8,Self-employed,<600,1,27.27272797,23.07692337,62
473,Male,42,Married,Grade 1-8,Self-employed,601-1650,3,32.72727203,15.38461494,30
119,Male,46,Single,No formal education,Unemployed,No Income,1,29.09090996,30.76922989,56
120,Female,18,Single,Grade 1-8,"Other (student, retired, housewife)",No Income,3,49.09090805,80,50
104,Male,43,Married,Grade 1-8,Employed (govt or private),<600,2,29.09090996,46.15384674,56
121,Male,28,Single,Grade 1-8,Laid off due to COVID-19,No Income,2,41.81818008,47.69230652,64
151,Male,29,Married,Graduates,Employed (govt or private),1651-3200,2,45.45454407,43.07692337,48
153,Male,30,Single,Grade 1-8,Laid off due to COVID-19,No Income,2,43.63636398,20,66
154,Female,30,Single,Grade 1-8,"Other (student, retired, housewife)",No Income,1,56.36363602,47.69230652,50
122,Female,35,Single,No formal education,Self-employed,<600,1,38.18181992,27.69230843,64
457,Female,41,Single,Grade 1-8,Laid off due to COVID-19,No Income,3,34.54545593,20,62
477,Male,34,Married,Graduates,Self-employed,3201-7800,3,41.81818008,12.30769253,56
483,Male,85,Married,No formal education,"Other (student, retired, housewife)",601-1650,4,45.45454407,7.692307472,44
757,Male,57,Married,Graduates,Employed (govt or private),3201-7800,2,60,43.07692337,56
758,Female,24,Single,Graduates,Laid off due to COVID-19,No Income,2,54.54545593,41.53845978,52
759,Male,36,Single,Graduates,Self-employed,3201-7800,2,61.81818008,46.15384674,64
761,Female,32,Married,Grade 9-12,Employed (govt or private),3201-7800,2,54.54545593,43.07692337,68
762,Female,70,"Other (divorced, widowed, separated)",No formal education,Unemployed,No Income,1,49.09090805,43.07692337,56
763,Female,35,Married,Grade 9-12,Unemployed,No Income,5,49.09090805,41.53845978,56
764,Female,70,"Other (divorced, widowed, separated)",No formal education,Unemployed,No Income,2,50.90909195,47.69230652,62
765,Female,28,Married,Grade 1-8,Laid off due to COVID-19,No Income,1,50.90909195,43.07692337,68
766,Female,65,Married,Grade 1-8,Unemployed,No Income,1,50.90909195,47.69230652,68
767,Female,35,Single,Grade 9-12,Employed (govt or private),1651-3200,2,52.72727203,40,44
768,Female,18,Single,Grade 1-8,"Other (student, retired, housewife)",No Income,1,56.36363602,41.53845978,64
770,Female,68,"Other (divorced, widowed, separated)",Grade 1-8,Unemployed,No Income,1,50.90909195,38.46154022,72
771,Female,40,Single,Graduates,Laid off due to COVID-19,No Income,3,50.90909195,40,76
732,Male,23,Single,Graduates,Self-employed,1651-3200,2,30.90909004,32.30769348,36
733,Male,21,Single,Grade 1-8,Laid off due to COVID-19,No Income,2,29.09090996,38.46154022,50
785,Female,48,Married,Grade 1-8,Unemployed,No Income,1,32.72727203,27.69230843,34
557,Female,34,Married,Grade 9-12,Employed (govt or private),3201-7800,2,47.27272797,40,54
566,Male,40,Married,Grade 1-8,Self-employed,601-1650,2,47.27272797,40,38
633,Male,63,Married,Grade 1-8,Unemployed,No Income,3,32.72727203,36.92307663,48
636,Male,48,Married,No formal education,Self-employed,1651-3200,2,32.72727203,33.84615326,46
694,Male,60,"Other (divorced, widowed, separated)",Grade 1-8,Unemployed,No Income,2,25.45454597,33.84615326,42
672,Female,37,Married,Grade 9-12,Unemployed,3201-7800,2,45.45454407,70.7692337,50
713,Female,34,Married,No formal education,Unemployed,No Income,1,49.09090805,44.61538315,72
714,Female,23,"Other (divorced, widowed, separated)",Grade 1-8,Laid off due to COVID-19,No Income,1,49.09090805,47.69230652,74
715,Female,32,Married,Grade 1-8,Unemployed,No Income,1,49.09090805,44.61538315,72
716,Male,32,Married,Graduates,Employed (govt or private),1651-3200,2,49.09090805,44.61538315,56
717,Female,24,Married,Grade 1-8,Laid off due to COVID-19,No Income,1,49.09090805,46.15384674,60
450,Male,30,Single,Graduates,Employed (govt or private),>=7801,1,60,13.84615421,52
198,Male,35,Single,Graduates,Employed (govt or private),>=7801,1,43.63636398,20,40
